QUERYTIME , 1681354890, 1681354890, 1.39534e+06
QUERYTIME , 1681354890, 1681354890, 2.09677e+06
QUERYTIME , 1681354890, 1681354890, 2.20568e+06
QUERYTIME , 1681354890, 1681354890, 2.92906e+06
QUERYTIME , 1681354890, 1681354890, 3.29375e+06
QUERYTIME , 1681354890, 1681354890, 3.60078e+06
QUERYTIME , 1681354890, 1681354890, 1.15314e+08
QUERYTIME , 1681354890, 1681354890, 1.15628e+08
DOWNLOADED , 1681354890, 1681354893, 3.0449e+09
DOWNLOADED , 1681354890, 1681354893, 3.0959e+09
DOWNLOADED , 1681354890, 1681354893, 3.10505e+09
DOWNLOADED , 1681354890, 1681354893, 3.10686e+09
DOWNLOADED , 1681354890, 1681354893, 3.11202e+09
DOWNLOADED , 1681354890, 1681354893, 3.1131e+09
