REGISTER , 1681346961, 1681346961, 2.50955e+06
REGISTER , 1681346961, 1681346961, 2.5403e+06
REGISTER , 1681346961, 1681346961, 2.27733e+06
REGISTER , 1681346961, 1681346961, 2.51161e+06
REGISTER , 1681346963, 1681346963, 922666
Query , 1681346965, 1681346965, 986902
Query , 1681346965, 1681346965, 856176
Query , 1681346965, 1681346965, 1.27276e+06
Query , 1681346965, 1681346965, 3.08522e+06
Query , 1681346965, 1681346965, 2.15764e+06
Query , 1681346965, 1681346965, 2.06989e+06
Query , 1681346965, 1681346965, 2.7217e+06
Query , 1681346965, 1681346965, 2.90788e+06
Query , 1681346965, 1681346965, 3.40829e+06
Query , 1681346965, 1681346965, 2.40053e+06
ADD_FILE , 1681346970, 1681346970, 99865
ADD_FILE , 1681346970, 1681346970, 103714
ADD_FILE , 1681346970, 1681346970, 103051
ADD_FILE , 1681346970, 1681346970, 93335
ADD_FILE , 1681346970, 1681346970, 101069
ADD_FILE , 1681346970, 1681346970, 59767
ADD_FILE , 1681346970, 1681346970, 55051
ADD_FILE , 1681346970, 1681346970, 58182
ADD_FILE , 1681346970, 1681346970, 53808
ADD_FILE , 1681346970, 1681346970, 69793
